MSE,MAE,R2
9.550245732697132,2.5342783452949655,-3.697877260733229e-05
9.029052678840982,2.4590924560880154,0.054538823936960745
8.5228046095046,2.3675869332004673,0.1075496892003871
